entity_type,comparison_scope,model,strength_definition,mu,lambda,asset_penalty,event_penalty,observations,mae,rmse,bias,spearman,mae_low_form_third,mae_middle_form_third,mae_high_form_third,selected_penalties
driver,strength_definition,strength_only,z_form,5.167337315,2.328882121,,,85,4.356294376,5.832359872,0.009595460284,0.2968500825,4.231522635,4.275261778,4.528776367,
driver,strength_definition,strength_only,form_percentile,1.092031945,7.800305767,,,85,4.403974056,5.857352187,0.01293848569,0.2840004911,4.2634218,4.322200387,4.590842959,
driver,strength_definition,strength_only,blend_form_1.00_price_0.00,1.092031945,7.800305767,,,85,4.403974056,5.857352187,0.01293848569,0.2840004911,4.2634218,4.322200387,4.590842959,
driver,strength_definition,strength_only,blend_form_0.75_price_0.25,0.8895309384,8.194268242,,,85,4.369198835,5.814086497,0.01283662828,0.2937701041,4.265555582,4.297882126,4.515602861,
driver,strength_definition,strength_only,blend_form_0.50_price_0.50,0.7333242019,8.500697696,,,85,4.337571325,5.774614554,0.01263234848,0.3197845153,4.258193405,4.273001983,4.457471803,
driver,strength_definition,strength_only,blend_form_0.25_price_0.75,0.6295256205,8.707647691,,,85,4.305230237,5.740448728,0.01233076764,0.3391146871,4.237089229,4.248422963,4.409234302,
driver,strength_definition,strength_only,blend_form_0.00_price_1.00,0.5806341744,8.810034861,,,85,4.285238689,5.712734488,0.01194445306,0.3527959166,4.201677239,4.225048515,4.405378531,
constructor,strength_definition,strength_only,z_form,9.781197904,4.73870568,,,43,7.160767207,10.34827049,0.002044420948,0.380917234,6.84501849,6.313790796,8.224820861,
constructor,strength_definition,strength_only,form_percentile,1.668376161,14.84619952,,,43,7.190639439,10.54801145,-0.003270044345,0.3450501762,6.906498189,6.169376644,8.407249342,
constructor,strength_definition,strength_only,blend_form_1.00_price_0.00,1.668376161,14.84619952,,,43,7.190639439,10.54801145,-0.003270044345,0.3450501762,6.906498189,6.169376644,8.407249342,
constructor,strength_definition,strength_only,blend_form_0.75_price_0.25,0.9410478057,16.21089102,,,43,7.003443577,10.40313137,0.002138660588,0.3741494113,6.840364355,6.044192243,8.074811875,
constructor,strength_definition,strength_only,blend_form_0.50_price_0.50,0.4392899509,17.17231543,,,43,6.915726993,10.27913072,0.007621632047,0.409463149,6.715768223,6.06511671,7.903808931,
constructor,strength_definition,strength_only,blend_form_0.25_price_0.75,0.2114133219,17.63865314,,,43,6.939916331,10.18841523,0.01278340724,0.4267725864,6.698835114,6.190426276,7.855149721,
constructor,strength_definition,strength_only,blend_form_0.00_price_1.00,0.2604651163,17.6,,,43,7.012680585,10.13746793,0.01741983791,0.437441901,6.804665978,6.343442235,7.824928977,
driver,candidate_model,constant,z_form,,,,,85,4.578247549,6.230739747,0.009211601307,-0.2619380238,4.254650298,4.435555556,4.972873264,False
driver,candidate_model,strength_only,z_form,,,,,85,4.356294376,5.832359872,0.009595460284,0.2968500825,4.231522635,4.275261778,4.528776367,False
driver,candidate_model,strength_event,z_form,,,,4,85,4.355607774,5.8333784,0.02428097377,0.2961634631,4.228304746,4.275071028,4.529917257,False
driver,candidate_model,personal_mean,z_form,,,,,85,4.760784314,5.991497243,-3.134747364e-17,0.412776492,4.476190476,5.04,4.791666667,False
driver,candidate_model,shrunk_personal_mean,z_form,,,,,85,4.085081393,5.624265435,-0.008136371968,0.4225246634,3.91385582,4.082567436,4.236867799,False
driver,asset_penalty_tuning,partial_asset,z_form,,,1,,85,4.393042603,5.72328634,-0.006413864678,0.4248619637,4.097845405,4.560620886,4.520419618,False
driver,asset_penalty_tuning,partial_asset,z_form,,,4,,85,4.100918786,5.612242506,-0.001377992338,0.4387776869,3.898143386,4.136104634,4.250858316,True
driver,asset_penalty_tuning,partial_asset,z_form,,,16,,85,4.205345907,5.704713004,0.005465672962,0.3621815127,4.079741328,4.13443743,4.370647162,False
driver,full_penalty_tuning,full_partial_pooling,z_form,,,1,1,85,4.378372956,5.711756978,0.01760141519,0.4245354478,4.097402378,4.50892749,4.522226483,False
driver,full_penalty_tuning,full_partial_pooling,z_form,,,1,4,85,4.377316361,5.71287561,0.01475518677,0.4263234535,4.097450726,4.505558654,4.5220095,False
driver,full_penalty_tuning,full_partial_pooling,z_form,,,1,16,85,4.377899891,5.715830316,0.00794729389,0.4295210756,4.097570994,4.508068181,4.521493698,False
driver,full_penalty_tuning,full_partial_pooling,z_form,,,4,1,85,4.099033889,5.610050653,0.01932362501,0.4368257547,3.896067729,4.128959641,4.253249785,False
driver,full_penalty_tuning,full_partial_pooling,z_form,,,4,4,85,4.098397745,5.610242754,0.01688350177,0.4371788681,3.896310506,4.126892519,4.252962538,False
driver,full_penalty_tuning,full_partial_pooling,z_form,,,4,16,85,4.09770406,5.610777255,0.01103247197,0.437024698,3.896894726,4.124753685,4.252279708,True
driver,full_penalty_tuning,full_partial_pooling,z_form,,,16,1,85,4.205710734,5.705223166,0.02352613582,0.3602295805,4.075876385,4.133894645,4.375422109,False
driver,full_penalty_tuning,full_partial_pooling,z_form,,,16,4,85,4.205432848,5.705149604,0.02140805678,0.3617303123,4.076317015,4.133180296,4.374856508,False
driver,full_penalty_tuning,full_partial_pooling,z_form,,,16,16,85,4.204776632,5.704987976,0.01631749414,0.3612202597,4.077389975,4.131479492,4.373503348,False
constructor,candidate_model,constant,blend_form_0.75_price_0.25,,,,,43,7.775876498,11.30403985,0.01741983791,-0.252554456,7.217028237,6.770714962,9.165246212,False
constructor,candidate_model,strength_only,blend_form_0.75_price_0.25,,,,,43,7.003443577,10.40313137,0.002138660588,0.3741494113,6.840364355,6.044192243,8.074811875,False
constructor,candidate_model,strength_event,blend_form_0.75_price_0.25,,,,4,43,6.997754672,10.39470566,0.02619134566,0.3765710903,6.828246673,6.040299967,8.071746125,False
constructor,candidate_model,personal_mean,blend_form_0.75_price_0.25,,,,,43,8.534883721,11.01015505,-4.131062417e-16,0.3511227689,8.878787879,8.208333333,8.625,False
constructor,candidate_model,shrunk_personal_mean,blend_form_0.75_price_0.25,,,,,43,7.192436139,10.39967173,-0.007010699504,0.3867961766,7.323728016,6.106394712,8.1882144,False
constructor,asset_penalty_tuning,partial_asset,blend_form_0.75_price_0.25,,,1,,43,7.86133654,10.53703987,-0.01106025894,0.3722909796,8.044335777,7.391380939,8.205480165,False
constructor,asset_penalty_tuning,partial_asset,blend_form_0.75_price_0.25,,,4,,43,7.201824878,10.24607931,-0.0122405364,0.3969590404,7.216919506,6.367579335,8.025692865,False
constructor,asset_penalty_tuning,partial_asset,blend_form_0.75_price_0.25,,,16,,43,6.954524134,10.27513184,-0.004883295221,0.4052826193,6.902855769,5.9694647,7.975105568,True
constructor,full_penalty_tuning,full_partial_pooling,blend_form_0.75_price_0.25,,,1,1,43,7.844936339,10.50092102,0.03773716009,0.3791768493,7.993387239,7.381700818,8.206111866,False
constructor,full_penalty_tuning,full_partial_pooling,blend_form_0.75_price_0.25,,,1,4,43,7.848426446,10.50836414,0.02735263934,0.3803875517,8.004229537,7.383760833,8.205977435,False
constructor,full_penalty_tuning,full_partial_pooling,blend_form_0.75_price_0.25,,,1,16,43,7.854362767,10.52132672,0.00968961516,0.3795551938,8.022671194,7.387264711,8.20574878,False
constructor,full_penalty_tuning,full_partial_pooling,blend_form_0.75_price_0.25,,,4,1,43,7.186902796,10.2190558,0.02694990898,0.3989264318,7.179748444,6.351562476,8.027161732,False
constructor,full_penalty_tuning,full_partial_pooling,blend_form_0.75_price_0.25,,,4,4,43,7.190055921,10.22468327,0.0186687326,0.3969590404,7.187602913,6.354946934,8.026851352,False
constructor,full_penalty_tuning,full_partial_pooling,blend_form_0.75_price_0.25,,,4,16,43,7.195446814,10.23440737,0.00451042108,0.3969590404,7.201031683,6.360733336,8.026320695,False
constructor,full_penalty_tuning,full_partial_pooling,blend_form_0.75_price_0.25,,,16,1,43,6.945782322,10.25844972,0.02837311748,0.4052826193,6.874853253,5.963486421,7.976841959,True
constructor,full_penalty_tuning,full_partial_pooling,blend_form_0.75_price_0.25,,,16,4,43,6.947620633,10.26192263,0.02137964637,0.4052826193,6.880741885,5.96474359,7.976476814,False
constructor,full_penalty_tuning,full_partial_pooling,blend_form_0.75_price_0.25,,,16,16,43,6.95077459,10.2679247,0.009381068429,0.4052826193,6.89084491,5.966900493,7.975850342,False
