season,round,event_name,event_date,entity_type,entity_id,entity_name,total_fantasy_points,sprint_points,sprint_qualifying_points,extra_sprint_points,base_weekend_points,current_price,data_source,observation_valid,exclusion_reason
2026,2,Chinese Grand Prix,2026-03-15,constructor,alpine,Alpine,45,9,,9,36,18.8,Formula 1 Fantasy playerstats,True,
2026,4,Miami Grand Prix,2026-05-03,constructor,alpine,Alpine,17,3,,3,14,18.8,Formula 1 Fantasy playerstats,True,
2026,5,Canadian Grand Prix,2026-05-24,constructor,alpine,Alpine,46,11,,11,35,18.8,Formula 1 Fantasy playerstats,True,
2026,9,British Grand Prix,2026-07-05,constructor,alpine,Alpine,53,12,,12,41,18.8,Formula 1 Fantasy playerstats,True,
2026,2,Chinese Grand Prix,2026-03-15,constructor,aston_martin,Aston Martin,-20,11,,11,-31,5.7,Formula 1 Fantasy playerstats,True,
2026,4,Miami Grand Prix,2026-05-03,constructor,aston_martin,Aston Martin,38,20,,20,18,5.7,Formula 1 Fantasy playerstats,True,
2026,5,Canadian Grand Prix,2026-05-24,constructor,aston_martin,Aston Martin,-14,-6,,-6,-8,5.7,Formula 1 Fantasy playerstats,True,
2026,9,British Grand Prix,2026-07-05,constructor,aston_martin,Aston Martin,16,6,,6,10,5.7,Formula 1 Fantasy playerstats,True,
2026,2,Chinese Grand Prix,2026-03-15,constructor,audi,Audi,-4,3,,3,-7,6.8,Formula 1 Fantasy playerstats,True,
2026,4,Miami Grand Prix,2026-05-03,constructor,audi,Audi,-27,-30,,-30,3,6.8,Formula 1 Fantasy playerstats,True,
2026,5,Canadian Grand Prix,2026-05-24,constructor,audi,Audi,11,1,,1,10,6.8,Formula 1 Fantasy playerstats,True,
2026,9,British Grand Prix,2026-07-05,constructor,audi,Audi,17,6,,6,11,6.8,Formula 1 Fantasy playerstats,True,
2026,2,Chinese Grand Prix,2026-03-15,constructor,cadillac,Cadillac,22,1,,1,21,3,Formula 1 Fantasy playerstats,True,
2026,4,Miami Grand Prix,2026-05-03,constructor,cadillac,Cadillac,24,5,,5,19,3,Formula 1 Fantasy playerstats,True,
2026,5,Canadian Grand Prix,2026-05-24,constructor,cadillac,Cadillac,2,11,,11,-9,3,Formula 1 Fantasy playerstats,True,
2026,9,British Grand Prix,2026-07-05,constructor,cadillac,Cadillac,13,-1,,-1,14,3,Formula 1 Fantasy playerstats,True,
2026,2,Chinese Grand Prix,2026-03-15,constructor,ferrari,Ferrari,119,36,,36,83,26.6,Formula 1 Fantasy playerstats,True,
2026,4,Miami Grand Prix,2026-05-03,constructor,ferrari,Ferrari,57,12,,12,45,26.6,Formula 1 Fantasy playerstats,True,
2026,5,Canadian Grand Prix,2026-05-24,constructor,ferrari,Ferrari,69,9,,9,60,26.6,Formula 1 Fantasy playerstats,True,
2026,9,British Grand Prix,2026-07-05,constructor,ferrari,Ferrari,92,14,,14,78,26.6,Formula 1 Fantasy playerstats,True,
2026,2,Chinese Grand Prix,2026-03-15,constructor,haas,Haas F1 Team,65,14,,14,51,12,Formula 1 Fantasy playerstats,True,
2026,4,Miami Grand Prix,2026-05-03,constructor,haas,Haas F1 Team,23,12,,12,11,12,Formula 1 Fantasy playerstats,True,
2026,5,Canadian Grand Prix,2026-05-24,constructor,haas,Haas F1 Team,19,5,,5,14,12,Formula 1 Fantasy playerstats,True,
2026,9,British Grand Prix,2026-07-05,constructor,haas,Haas F1 Team,33,12,,12,21,12,Formula 1 Fantasy playerstats,True,
2026,2,Chinese Grand Prix,2026-03-15,constructor,mclaren,McLaren,-7,12,,12,-19,31,Formula 1 Fantasy playerstats,True,
2026,4,Miami Grand Prix,2026-05-03,constructor,mclaren,McLaren,110,22,,22,88,31,Formula 1 Fantasy playerstats,True,
2026,5,Canadian Grand Prix,2026-05-24,constructor,mclaren,McLaren,33,15,,15,18,31,Formula 1 Fantasy playerstats,True,
2026,9,British Grand Prix,2026-07-05,constructor,mclaren,McLaren,72,22,,22,50,31,Formula 1 Fantasy playerstats,True,
2026,2,Chinese Grand Prix,2026-03-15,constructor,mercedes,Mercedes,115,23,,23,92,32.6,Formula 1 Fantasy playerstats,True,
2026,4,Miami Grand Prix,2026-05-03,constructor,mercedes,Mercedes,104,11,,11,93,32.6,Formula 1 Fantasy playerstats,True,
2026,5,Canadian Grand Prix,2026-05-24,constructor,mercedes,Mercedes,76,21,,21,55,32.6,Formula 1 Fantasy playerstats,True,
2026,9,British Grand Prix,2026-07-05,constructor,mercedes,Mercedes,92,30,,30,62,32.6,Formula 1 Fantasy playerstats,True,
2026,2,Chinese Grand Prix,2026-03-15,constructor,rb,Racing Bulls,50,10,,10,40,12.9,Formula 1 Fantasy playerstats,True,
2026,4,Miami Grand Prix,2026-05-03,constructor,rb,Racing Bulls,2,-6,,-6,8,12.9,Formula 1 Fantasy playerstats,True,
2026,5,Canadian Grand Prix,2026-05-24,constructor,rb,Racing Bulls,22,13,,13,9,12.9,Formula 1 Fantasy playerstats,True,
2026,9,British Grand Prix,2026-07-05,constructor,rb,Racing Bulls,55,10,,10,45,12.9,Formula 1 Fantasy playerstats,True,
2026,2,Chinese Grand Prix,2026-03-15,constructor,red_bull,Red Bull Racing,45,18,,18,27,30.9,Formula 1 Fantasy playerstats,True,
2026,4,Miami Grand Prix,2026-05-03,constructor,red_bull,Red Bull Racing,31,9,,9,22,30.9,Formula 1 Fantasy playerstats,True,
2026,5,Canadian Grand Prix,2026-05-24,constructor,red_bull,Red Bull Racing,44,-8,,-8,52,30.9,Formula 1 Fantasy playerstats,True,
2026,9,British Grand Prix,2026-07-05,constructor,red_bull,Red Bull Racing,32,6,,6,26,30.9,Formula 1 Fantasy playerstats,True,
2026,2,Chinese Grand Prix,2026-03-15,constructor,williams,Williams,22,25,,25,-3,13,Formula 1 Fantasy playerstats,True,
2026,4,Miami Grand Prix,2026-05-03,constructor,williams,Williams,42,9,,9,33,13,Formula 1 Fantasy playerstats,True,
2026,5,Canadian Grand Prix,2026-05-24,constructor,williams,Williams,6,6,,6,0,13,Formula 1 Fantasy playerstats,True,
2026,9,British Grand Prix,2026-07-05,constructor,williams,Williams,,,,,,13,missing,False,missing_canonical_event_asset_row
2026,2,Chinese Grand Prix,2026-03-15,driver,albon,Alexander Albon,-7,13,,13,-20,5.8,Formula 1 Fantasy playerstats,True,
2026,4,Miami Grand Prix,2026-05-03,driver,albon,Alexander Albon,20,5,,5,15,5.8,Formula 1 Fantasy playerstats,True,
2026,5,Canadian Grand Prix,2026-05-24,driver,albon,Alexander Albon,-8,6,,6,-14,5.8,Formula 1 Fantasy playerstats,True,
2026,9,British Grand Prix,2026-07-05,driver,albon,Alexander Albon,-13,7,,7,-20,5.8,Formula 1 Fantasy playerstats,True,
2026,2,Chinese Grand Prix,2026-03-15,driver,alonso,Fernando Alonso,-7,6,,6,-13,6.2,Formula 1 Fantasy playerstats,True,
2026,4,Miami Grand Prix,2026-05-03,driver,alonso,Fernando Alonso,20,10,,10,10,6.2,Formula 1 Fantasy playerstats,True,
2026,5,Canadian Grand Prix,2026-05-24,driver,alonso,Fernando Alonso,-26,-9,,-9,-17,6.2,Formula 1 Fantasy playerstats,True,
2026,9,British Grand Prix,2026-07-05,driver,alonso,Fernando Alonso,8,3,,3,5,6.2,Formula 1 Fantasy playerstats,True,
2026,2,Chinese Grand Prix,2026-03-15,driver,antonelli,Kimi Antonelli,68,11,,11,57,25.7,Formula 1 Fantasy playerstats,True,
2026,4,Miami Grand Prix,2026-05-03,driver,antonelli,Kimi Antonelli,42,1,,1,41,25.7,Formula 1 Fantasy playerstats,True,
2026,5,Canadian Grand Prix,2026-05-24,driver,antonelli,Kimi Antonelli,62,12,,12,50,25.7,Formula 1 Fantasy playerstats,True,
2026,9,British Grand Prix,2026-07-05,driver,antonelli,Kimi Antonelli,23,16,,16,7,25.7,Formula 1 Fantasy playerstats,True,
2026,2,Chinese Grand Prix,2026-03-15,driver,arvid_lindblad,Arvid Lindblad,7,-4,,-4,11,8,Formula 1 Fantasy playerstats,True,
2026,4,Miami Grand Prix,2026-05-03,driver,arvid_lindblad,Arvid Lindblad,-4,,-10,-10,6,8,Formula 1 Fantasy playerstats,True,
2026,5,Canadian Grand Prix,2026-05-24,driver,arvid_lindblad,Arvid Lindblad,-16,2,,2,-18,8,Formula 1 Fantasy playerstats,True,
2026,9,British Grand Prix,2026-07-05,driver,arvid_lindblad,Arvid Lindblad,18,4,,4,14,8,Formula 1 Fantasy playerstats,True,
2026,2,Chinese Grand Prix,2026-03-15,driver,bearman,Oliver Bearman,34,5,,5,29,7.6,Formula 1 Fantasy playerstats,True,
2026,4,Miami Grand Prix,2026-05-03,driver,bearman,Oliver Bearman,6,3,,3,3,7.6,Formula 1 Fantasy playerstats,True,
2026,5,Canadian Grand Prix,2026-05-24,driver,bearman,Oliver Bearman,10,2,,2,8,7.6,Formula 1 Fantasy playerstats,True,
2026,9,British Grand Prix,2026-07-05,driver,bearman,Oliver Bearman,13,6,,6,7,7.6,Formula 1 Fantasy playerstats,True,
2026,2,Chinese Grand Prix,2026-03-15,driver,bortoleto,Gabriel Bortoleto,-14,6,,6,-20,7.8,Formula 1 Fantasy playerstats,True,
2026,4,Miami Grand Prix,2026-05-03,driver,bortoleto,Gabriel Bortoleto,7,,-10,-10,17,7.8,Formula 1 Fantasy playerstats,True,
2026,5,Canadian Grand Prix,2026-05-24,driver,bortoleto,Gabriel Bortoleto,5,2,,2,3,7.8,Formula 1 Fantasy playerstats,True,
2026,9,British Grand Prix,2026-07-05,driver,bortoleto,Gabriel Bortoleto,16,3,,3,13,7.8,Formula 1 Fantasy playerstats,True,
2026,2,Chinese Grand Prix,2026-03-15,driver,bottas,Valtteri Bottas,3,-8,,-8,11,3,Formula 1 Fantasy playerstats,True,
2026,4,Miami Grand Prix,2026-05-03,driver,bottas,Valtteri Bottas,4,1,,1,3,3,Formula 1 Fantasy playerstats,True,
2026,5,Canadian Grand Prix,2026-05-24,driver,bottas,Valtteri Bottas,12,6,,6,6,3,Formula 1 Fantasy playerstats,True,
2026,9,British Grand Prix,2026-07-05,driver,bottas,Valtteri Bottas,5,2,,2,3,3,Formula 1 Fantasy playerstats,True,
2026,2,Chinese Grand Prix,2026-03-15,driver,colapinto,Franco Colapinto,18,9,,9,9,11.2,Formula 1 Fantasy playerstats,True,
2026,4,Miami Grand Prix,2026-05-03,driver,colapinto,Franco Colapinto,13,-2,,-2,15,11.2,Formula 1 Fantasy playerstats,True,
2026,5,Canadian Grand Prix,2026-05-24,driver,colapinto,Franco Colapinto,25,8,,8,17,11.2,Formula 1 Fantasy playerstats,True,
2026,9,British Grand Prix,2026-07-05,driver,colapinto,Franco Colapinto,27,7,,7,20,11.2,Formula 1 Fantasy playerstats,True,
2026,2,Chinese Grand Prix,2026-03-15,driver,gasly,Pierre Gasly,20,,,,,13,Formula 1 Fantasy playerstats,False,both_sprint_components_missing
2026,4,Miami Grand Prix,2026-05-03,driver,gasly,Pierre Gasly,-8,5,,5,-13,13,Formula 1 Fantasy playerstats,True,
2026,5,Canadian Grand Prix,2026-05-24,driver,gasly,Pierre Gasly,16,3,,3,13,13,Formula 1 Fantasy playerstats,True,
2026,9,British Grand Prix,2026-07-05,driver,gasly,Pierre Gasly,23,5,,5,18,13,Formula 1 Fantasy playerstats,True,
2026,2,Chinese Grand Prix,2026-03-15,driver,hadjar,Isack Hadjar,19,3,,3,16,14.5,Formula 1 Fantasy playerstats,True,
2026,4,Miami Grand Prix,2026-05-03,driver,hadjar,Isack Hadjar,-16,3,,3,-19,14.5,Formula 1 Fantasy playerstats,True,
2026,5,Canadian Grand Prix,2026-05-24,driver,hadjar,Isack Hadjar,6,-10,,-10,16,14.5,Formula 1 Fantasy playerstats,True,
2026,9,British Grand Prix,2026-07-05,driver,hadjar,Isack Hadjar,23,3,,3,20,14.5,Formula 1 Fantasy playerstats,True,
2026,2,Chinese Grand Prix,2026-03-15,driver,hamilton,Lewis Hamilton,48,15,,15,33,25,Formula 1 Fantasy playerstats,True,
2026,4,Miami Grand Prix,2026-05-03,driver,hamilton,Lewis Hamilton,20,4,,4,16,25,Formula 1 Fantasy playerstats,True,
2026,5,Canadian Grand Prix,2026-05-24,driver,hamilton,Lewis Hamilton,42,3,,3,39,25,Formula 1 Fantasy playerstats,True,
2026,9,British Grand Prix,2026-07-05,driver,hamilton,Lewis Hamilton,33,6,,6,27,25,Formula 1 Fantasy playerstats,True,
2026,2,Chinese Grand Prix,2026-03-15,driver,hulkenberg,Nico Hulkenberg,7,-3,,-3,10,3,Formula 1 Fantasy playerstats,True,
2026,4,Miami Grand Prix,2026-05-03,driver,hulkenberg,Nico Hulkenberg,-29,,-10,-10,-19,3,Formula 1 Fantasy playerstats,True,
2026,5,Canadian Grand Prix,2026-05-24,driver,hulkenberg,Nico Hulkenberg,1,-1,,-1,2,3,Formula 1 Fantasy playerstats,True,
2026,9,British Grand Prix,2026-07-05,driver,hulkenberg,Nico Hulkenberg,-7,3,,3,-10,3,Formula 1 Fantasy playerstats,True,
2026,2,Chinese Grand Prix,2026-03-15,driver,lawson,Liam Lawson,35,14,,14,21,10.3,Formula 1 Fantasy playerstats,True,
2026,4,Miami Grand Prix,2026-05-03,driver,lawson,Liam Lawson,-12,4,,4,-16,10.3,Formula 1 Fantasy playerstats,True,
2026,5,Canadian Grand Prix,2026-05-24,driver,lawson,Liam Lawson,23,11,,11,12,10.3,Formula 1 Fantasy playerstats,True,
2026,9,British Grand Prix,2026-07-05,driver,lawson,Liam Lawson,22,6,,6,16,10.3,Formula 1 Fantasy playerstats,True,
2026,2,Chinese Grand Prix,2026-03-15,driver,leclerc,Charles Leclerc,51,21,,21,30,23.9,Formula 1 Fantasy playerstats,True,
2026,4,Miami Grand Prix,2026-05-03,driver,leclerc,Charles Leclerc,27,8,,8,19,23.9,Formula 1 Fantasy playerstats,True,
2026,5,Canadian Grand Prix,2026-05-24,driver,leclerc,Charles Leclerc,27,6,,6,21,23.9,Formula 1 Fantasy playerstats,True,
2026,9,British Grand Prix,2026-07-05,driver,leclerc,Charles Leclerc,54,8,,8,46,23.9,Formula 1 Fantasy playerstats,True,
2026,2,Chinese Grand Prix,2026-03-15,driver,max_verstappen,Max Verstappen,14,15,,15,-1,27.6,Formula 1 Fantasy playerstats,True,
2026,4,Miami Grand Prix,2026-05-03,driver,max_verstappen,Max Verstappen,52,6,,6,46,27.6,Formula 1 Fantasy playerstats,True,
2026,5,Canadian Grand Prix,2026-05-24,driver,max_verstappen,Max Verstappen,26,2,,2,24,27.6,Formula 1 Fantasy playerstats,True,
2026,9,British Grand Prix,2026-07-05,driver,max_verstappen,Max Verstappen,-3,3,,3,-6,27.6,Formula 1 Fantasy playerstats,True,
2026,2,Chinese Grand Prix,2026-03-15,driver,norris,Lando Norris,-10,5,,5,-15,26.1,Formula 1 Fantasy playerstats,True,
2026,4,Miami Grand Prix,2026-05-03,driver,norris,Lando Norris,54,13,,13,41,26.1,Formula 1 Fantasy playerstats,True,
2026,5,Canadian Grand Prix,2026-05-24,driver,norris,Lando Norris,6,9,,9,-3,26.1,Formula 1 Fantasy playerstats,True,
2026,9,British Grand Prix,2026-07-05,driver,norris,Lando Norris,38,14,,14,24,26.1,Formula 1 Fantasy playerstats,True,
2026,2,Chinese Grand Prix,2026-03-15,driver,ocon,Esteban Ocon,24,9,,9,15,10.7,Formula 1 Fantasy playerstats,True,
2026,4,Miami Grand Prix,2026-05-03,driver,ocon,Esteban Ocon,14,9,,9,5,10.7,Formula 1 Fantasy playerstats,True,
2026,5,Canadian Grand Prix,2026-05-24,driver,ocon,Esteban Ocon,8,3,,3,5,10.7,Formula 1 Fantasy playerstats,True,
2026,9,British Grand Prix,2026-07-05,driver,ocon,Esteban Ocon,19,6,,6,13,10.7,Formula 1 Fantasy playerstats,True,
2026,2,Chinese Grand Prix,2026-03-15,driver,perez,Sergio Perez,20,9,,9,11,3.8,Formula 1 Fantasy playerstats,True,
2026,4,Miami Grand Prix,2026-05-03,driver,perez,Sergio Perez,19,4,,4,15,3.8,Formula 1 Fantasy playerstats,True,
2026,5,Canadian Grand Prix,2026-05-24,driver,perez,Sergio Perez,-11,5,,5,-16,3.8,Formula 1 Fantasy playerstats,True,
2026,9,British Grand Prix,2026-07-05,driver,perez,Sergio Perez,7,-3,,-3,10,3.8,Formula 1 Fantasy playerstats,True,
2026,2,Chinese Grand Prix,2026-03-15,driver,piastri,Oscar Piastri,-7,7,,7,-14,24.4,Formula 1 Fantasy playerstats,True,
2026,4,Miami Grand Prix,2026-05-03,driver,piastri,Oscar Piastri,41,9,,9,32,24.4,Formula 1 Fantasy playerstats,True,
2026,5,Canadian Grand Prix,2026-05-24,driver,piastri,Oscar Piastri,12,6,,6,6,24.4,Formula 1 Fantasy playerstats,True,
2026,9,British Grand Prix,2026-07-05,driver,piastri,Oscar Piastri,19,8,,8,11,24.4,Formula 1 Fantasy playerstats,True,
2026,2,Chinese Grand Prix,2026-03-15,driver,russell,George Russell,45,12,,12,33,27.9,Formula 1 Fantasy playerstats,True,
2026,4,Miami Grand Prix,2026-05-03,driver,russell,George Russell,42,10,,10,32,27.9,Formula 1 Fantasy playerstats,True,
2026,5,Canadian Grand Prix,2026-05-24,driver,russell,George Russell,4,9,,9,-5,27.9,Formula 1 Fantasy playerstats,True,
2026,9,British Grand Prix,2026-07-05,driver,russell,George Russell,44,14,,14,30,27.9,Formula 1 Fantasy playerstats,True,
2026,2,Chinese Grand Prix,2026-03-15,driver,sainz,Carlos Sainz,28,12,,12,16,10,Formula 1 Fantasy playerstats,True,
2026,4,Miami Grand Prix,2026-05-03,driver,sainz,Carlos Sainz,19,4,,4,15,10,Formula 1 Fantasy playerstats,True,
2026,5,Canadian Grand Prix,2026-05-24,driver,sainz,Carlos Sainz,11,,,,,10,Formula 1 Fantasy playerstats,False,both_sprint_components_missing
2026,9,British Grand Prix,2026-07-05,driver,sainz,Carlos Sainz,8,,,,,10,Formula 1 Fantasy playerstats,False,both_sprint_components_missing
2026,2,Chinese Grand Prix,2026-03-15,driver,stroll,Lance Stroll,-14,5,,5,-19,3,Formula 1 Fantasy playerstats,True,
2026,4,Miami Grand Prix,2026-05-03,driver,stroll,Lance Stroll,17,10,,10,7,3,Formula 1 Fantasy playerstats,True,
2026,5,Canadian Grand Prix,2026-05-24,driver,stroll,Lance Stroll,11,3,,3,8,3,Formula 1 Fantasy playerstats,True,
2026,9,British Grand Prix,2026-07-05,driver,stroll,Lance Stroll,7,3,,3,4,3,Formula 1 Fantasy playerstats,True,
